<?xml version="1.0" encoding="UTF-8"?>
<project-private xmlns="http://www.netbeans.org/ns/project-private/1">
    <editor-bookmarks xmlns="http://www.netbeans.org/ns/editor-bookmarks/2" lastBookmarkId="0"/>
    <open-files xmlns="http://www.netbeans.org/ns/projectui-open-files/2">
        <group>
            <file>file:/C:/Users/raham/Downloads/Compressed/Student%20Information%20System/src/student/information/system/DbUtils.java</file>
            <file>file:/C:/Users/raham/Downloads/Compressed/Student%20Information%20System/src/student/information/system/StudentInformation.java</file>
            <file>file:/C:/Users/raham/Downloads/Compressed/Student%20Information%20System/src/student/information/system/MainMenu.java</file>
            <file>file:/C:/Users/raham/Downloads/Compressed/Student%20Information%20System/src/student/information/system/users.java</file>
            <file>file:/C:/Users/raham/Downloads/Compressed/Student%20Information%20System/src/student/information/system/Emp.java</file>
            <file>file:/C:/Users/raham/Downloads/Compressed/Student%20Information%20System/src/student/information/system/Audit_details.java</file>
            <file>file:/C:/Users/raham/Downloads/Compressed/Student%20Information%20System/src/student/information/system/Login.java</file>
            <file>file:/C:/Users/raham/Downloads/Compressed/Student%20Information%20System/src/student/information/system/db.java</file>
        </group>
    </open-files>
</project-private>
